Kabupaten/Kota,Indeks Jumlah Pergerakan_2017,Indeks Jumlah Pergerakan_2018,Indeks Jumlah Pergerakan_2019,Indeks Jumlah Pergerakan_2020,Indeks Jumlah Pergerakan_2021,Indeks Jumlah Pergerakan_2022,Indeks Jumlah Pergerakan_2023,Indeks Intensitas Pergerakan_2017,Indeks Intensitas Pergerakan_2018,Indeks Intensitas Pergerakan_2019,Indeks Intensitas Pergerakan_2020,Indeks Intensitas Pergerakan_2021,Indeks Intensitas Pergerakan_2022,Indeks Intensitas Pergerakan_2023,Pertumbuhan Ekonomi_2017,Pertumbuhan Ekonomi_2018,Pertumbuhan Ekonomi_2019,Pertumbuhan Ekonomi_2020,Pertumbuhan Ekonomi_2021,Pertumbuhan Ekonomi_2022,Pertumbuhan Ekonomi_2023,Pengeluaran Perkapita Sebulan Kelompok Makanan_2017,Pengeluaran Perkapita Sebulan Kelompok Makanan_2018,Pengeluaran Perkapita Sebulan Kelompok Makanan_2019,Pengeluaran Perkapita Sebulan Kelompok Makanan_2020,Pengeluaran Perkapita Sebulan Kelompok Makanan_2021,Pengeluaran Perkapita Sebulan Kelompok Makanan_2022,Pengeluaran Perkapita Sebulan Kelompok Makanan_2023,Jumlah Penduduk_2017,Jumlah Penduduk_2018,Jumlah Penduduk_2019,Jumlah Penduduk_2020,Jumlah Penduduk_2021,Jumlah Penduduk_2022,Jumlah Penduduk_2023,Aktivitas Masyarakat_2017,Aktivitas Masyarakat_2018,Aktivitas Masyarakat_2019,Aktivitas Masyarakat_2020,Aktivitas Masyarakat_2021,Aktivitas Masyarakat_2022,Aktivitas Masyarakat_2023,Tingkat Kekeringan Lahan_2017,Tingkat Kekeringan Lahan_2018,Tingkat Kekeringan Lahan_2019,Tingkat Kekeringan Lahan_2020,Tingkat Kekeringan Lahan_2021,Tingkat Kekeringan Lahan_2022,Tingkat Kekeringan Lahan_2023,Tingkat Kesuburan Lahan_2017,Tingkat Kesuburan Lahan_2018,Tingkat Kesuburan Lahan_2019,Tingkat Kesuburan Lahan_2020,Tingkat Kesuburan Lahan_2021,Tingkat Kesuburan Lahan_2022,Tingkat Kesuburan Lahan_2023,Luas Panen_2017,Luas Panen_2018,Luas Panen_2019,Luas Panen_2020,Luas Panen_2021,Luas Panen_2022,Luas Panen_2023,PDRB Pertanian_2017,PDRB Pertanian_2018,PDRB Pertanian_2019,PDRB Pertanian_2020,PDRB Pertanian_2021,PDRB Pertanian_2022,PDRB Pertanian_2023
Kabupaten Bangkalan,  58.70 ,  68.30 ,  70.50 ,  62.30 ,  71.30 ,  82.70 ,  102.30 ,1.78,2.07,2.14,1.89,2.16,2.51,3.1,3.53,4.22,1.03,-5.59,-2.07,-1.12,1.2,396492,397818,418907,480793,448548,504885,506043,970894,978892,986672,1060377,1071712,1086620,1101556,8460.500009,10566.6,11185.9,10781.9,12515.7,14157.29999,18218.09999,1.06601622,-0.4114250007,-1.07666145,0.9253572042,0.6449600358,1.243900531,-0.5150464971,0.3679146214,0.3107418957,0.3135436713,0.3681814368,0.3710494409,0.3931800383,0.3386495895,38011.81,40957.0,39854.0,44048.0,42110.0,40717.81,38011.82,5456977.52,5728220.37,5815872.12,5975615.91,5961278.5,6538395.18,6496284.77
Kabupaten Banyuwangi,  126.70 ,  137.30 ,  163.20 ,  197.00 ,  250.50 ,  301.10 ,  339.70 ,2.82,3.05,3.63,4.38,5.57,6.69,7.55,5.45,5.84,5.55,-3.58,4.09,4.43,5.03,432350,489736,481560,499811,550555,567865,642992,1604897,1609677,1613991,1708114,1718462,1731731,1744814,21395.30003,26522.59998,31849.5,38973.60001,49403.69993,54509.20001,54414.20008,0.8192713531,-0.3145211747,-1.575748979,0.6054610026,1.320209951,1.382372228,-0.5975665947,0.3780327467,0.3744735348,0.3670091422,0.3949323574,0.3787291275,0.3865843623,0.3668348004,75062.47,84361.0,81553.0,83993.0,89125.0,76748.03,75062.48,15607.16,15493.02,15406.89,14950.32,15205.35,15112.57,14916.63
Kabupaten Blitar,  52.20 ,  58.10 ,  63.90 ,  64.30 ,  71.50 ,  80.50 ,  101.30 ,1.45,1.61,1.77,1.79,1.99,2.24,2.81,5.07,5.1,5.12,-2.29,3.02,5.2,4.45,402633,404063,419278,418784,473966,479054,518580,1153803,1157500,1160677,1223745,1231013,1240322,1249497,6848.700005,7967.200004,8182.900001,7964.999998,9422.100001,11311.5,14434.0,0.9017758493,-0.4692122602,-1.033764149,0.8517376314,1.098871719,1.342389108,-0.1533449695,0.3903268388,0.3919781851,0.3864912153,0.4089499532,0.3978876464,0.4058963148,0.3811872238,36340.16,37102.0,36194.0,34795.0,38641.0,34137.74,36340.17,7171009.0,7253241.97,7371064.88,7375203.18,7376261.61,7439189.8,7564065.77
Kabupaten Bojonegoro,  99.40 ,  103.60 ,  109.70 ,  113.60 ,  130.90 ,  152.80 ,  198.90 ,1.84,1.92,2.03,2.1,2.42,2.83,3.68,10.25,4.39,6.34,-0.4,-5.54,-6.16,2.47,454781,469900,450082,473456,488003,518922,591449,1243906,1246927,1249692,1301635,1307602,1315125,1322474,17057.90002,13147.70001,14274.69999,13252.80001,15004.1,19370.4,26425.30003,0.6841200415,-0.7851513935,-0.8886365988,0.6923762783,0.8794349623,1.504584205,-0.3321325479,0.3447061407,0.3047361296,0.2964849001,0.3455595383,0.3359876669,0.356500421,0.3163141232,132712.01,134770.0,128864.0,135635.0,134609.0,133665.5,132712.02,6013.81,5953.73,5966.56,6005.31,5932.64,6097.92,6321.94
Kabupaten Bondowoso,  59.40 ,  64.70 ,  62.80 ,  64.30 ,  65.60 ,  72.80 ,  83.10 ,2.58,2.81,2.73,2.8,2.85,3.17,3.61,5.03,5.08,5.3,-1.36,3.49,3.51,4.62,372145,376919,420934,440710,477034,482787,554571,768912,772297,775715,776151,778525,781417,784192,3446.000006,3936.900005,3844.600002,3760.000005,4384.900009,5468.299999,6952.600002,0.896865988,-0.1274073167,-1.33254025,0.667684083,1.617943428,1.33254025,-0.4571769783,0.3994464837,0.3806227127,0.3859148745,0.4076996058,0.4110376984,0.4135409471,0.3861694997,50364.97,49799.0,53459.0,54210.0,51621.0,48240.7,50364.98,3623732.59,3635763.5,3679864.49,3729456.46,3818351.88,3756873.23,3834430.0
Kabupaten Gresik,  268.60 ,  298.80 ,  314.90 ,  321.80 ,  334.40 ,  344.80 ,  381.90 ,5.17,5.75,6.06,6.19,6.43,6.63,7.34,5.83,5.81,5.42,-3.68,3.79,7.38,4.62,622010,673892,607933,604969,707931,707602,859823,1285018,1299024,1312881,1311215,1320570,1332664,1344648,19973.39998,21950.40002,23022.90001,23304.89997,24261.80001,25934.59999,29162.2,0.9795804901,-0.2325269678,-0.9241747093,0.9244732552,0.6877147167,1.22577193,-0.5368175622,0.2926905753,0.2374155357,0.2515579673,0.2818777446,0.2666954024,0.3051876038,0.26060119,66202.6,57722.0,61643.0,67011.0,61394.0,63287.2,66202.61,6174857.73,6030047.77,6053854.96,6004076.07,5823540.92,6007942.89,6200212.89
Kabupaten Jember,  208.40 ,  226.60 ,  239.80 ,  230.80 ,  226.40 ,  251.00 ,  281.90 ,4.43,4.82,5.1,4.91,4.82,5.34,6.0,5.11,5.02,5.51,-2.98,4.0,4.53,4.93,351840,430807,440697,482798,497731,517007,569040,2430185,2440714,2450668,2536729,2550360,2567718,2584771,15989.9,18339.2,19034.00001,18626.3,19663.00001,22871.3,26917.5,0.8403791233,-0.1043456913,-1.514437101,0.6718812074,1.241801534,1.349710757,-0.650975549,0.3949943359,0.3896797727,0.3873893619,0.3995615878,0.3906532653,0.3937934178,0.376432922,120187.86,125136.0,123591.0,121606.0,124028.0,118489.25,120187.87,13841698.0,13845120.0,14046579.0,13895894.0,13881229.0,14318852.0,14672743.0
Kabupaten Jombang,  131.90 ,  145.40 ,  157.90 ,  158.30 ,  167.00 ,  183.90 ,  212.40 ,2.75,3.03,3.29,3.3,3.48,3.83,4.43,5.36,5.29,5.1,-1.98,3.24,5.37,5.04,455867,487552,495624,506896,550236,597518,593500,1253078,1258618,1263814,1318062,1325914,1335972,1345886,9688.600006,11053.3,11884.00001,11630.6,12653.19999,14656.19999,17303.8,1.01152553,-0.3882392731,-0.687106267,0.6990035198,0.9456528812,1.243900531,-0.2441081944,0.3582516181,0.3461750463,0.3378535969,0.3570939271,0.3436356308,0.3531718438,0.3322656839,56762.7,63301.0,56138.0,55793.0,54968.0,54896.68,56762.71,4430051.0,4506759.0,4524237.6,4509028.1,4486220.3,4506923.3,4641174.9
Kabupaten Kediri,  36.90 ,  39.10 ,  39.40 ,  40.80 ,  47.80 ,  53.60 ,  66.40 ,1.94,2.06,2.07,2.15,2.52,2.82,3.49,4.9,5.07,5.06,-2.41,3.06,4.9,4.53,408383,447997,435186,457247,492551,581309,577205,1561392,1568113,1574272,1635294,1644400,1656020,1667450,8941.900005,10234.69999,10639.3,10819.49999,13041.39999,15046.49998,19023.0,0.9552990252,-0.4239463773,-0.4786312433,0.8319928427,1.114986031,1.336256802,-0.1942452512,0.3911668829,0.3870723625,0.3843886196,0.4080099091,0.3960919669,0.402869053,0.3802646055,31268.32,37009.0,39449.0,36364.0,35113.0,29379.86,31268.33,6025860.18,6028523.92,6053728.53,6079415.94,6130617.84,6131980.92,6317795.44
Kabupaten Lamongan,  127.20 ,  144.80 ,  152.70 ,  153.70 ,  172.40 ,  191.70 ,  219.50 ,1.65,1.88,1.98,2.0,2.24,2.49,2.85,5.5,5.44,5.43,-2.65,3.43,5.56,4.28,520196,530316,480093,535671,586065,660748,738608,1188478,1188913,1189106,1344165,1356027,1371509,1386941,10337.20001,12011.80001,12538.6,12036.00001,13288.50001,15917.5,18580.8,0.8251741467,-0.3788785356,-1.088502983,0.8572047905,0.6627730306,1.248965658,-0.6146855877,0.3023927001,0.2626496056,0.2642270645,0.2942042039,0.2811637534,0.3126838001,0.2723266606,139704.8,144782.0,140464.0,148031.0,138450.0,150903.4,139704.81,8712129.4,8509016.3,8519446.9,8505395.7,8388773.3,8719326.9,8599857.1
Kabupaten Lumajang,  43.70 ,  47.90 ,  50.30 ,  46.90 ,  55.70 ,  65.00 ,  80.50 ,0.99,1.09,1.14,1.07,1.27,1.48,1.83,5.05,5.0,4.61,-2.79,3.14,4.43,5.0,365184,427729,435916,433284,571290,627260,718784,1036823,1039794,1042395,1119251,1127094,1137227,1147261,5098.500011,5769.800013,5884.700014,5299.40001,6337.100009,8010.800014,9825.300007,0.7538767116,-0.1585931168,-1.421179969,0.7904133234,1.119590121,1.347506683,-0.846410502,0.3902637822,0.3857890587,0.380292561,0.4025338245,0.3914442786,0.3918105676,0.3701352585,55128.78,56617.0,53466.0,53781.0,56671.0,55042.5,55128.79,7262153.34,7220049.03,7269200.12,7250662.7,7278508.3,7235119.28,7414106.96
Kabupaten Madiun,  36.70 ,  56.20 ,  62.80 ,  58.70 ,  61.10 ,  70.90 ,  99.10 ,1.22,1.87,2.09,1.96,2.04,2.36,3.3,5.42,5.1,5.42,-0.12,3.32,4.32,5.12,422919,478249,442626,448200,448641,488619,528863,679888,681394,682684,744350,750143,757665,765135,4268.60001,5489.800003,5595.8,5334.599999,6069.399998,7554.900005,10968.3,0.8651377654,-0.6144791484,-0.6030101546,0.8845018454,1.125240594,1.572840557,0.01659498408,0.3576633824,0.3420612589,0.342326301,0.3696997186,0.3589605684,0.359325568,0.3401801288,74784.94,69133.0,68015.0,73000.0,75713.0,73061.53,74784.95,3492699.27,3413896.41,3489565.93,3529158.6,3586512.7,3441314.6,3559143.8
Kabupaten Magetan,  46.70 ,  63.30 ,  67.30 ,  65.70 ,  66.00 ,  77.90 ,  98.60 ,1.67,2.26,2.4,2.35,2.36,2.78,3.52,5.09,5.21,5.04,-1.64,3.04,3.89,4.47,448957,444882,453149,461372,488179,549483,564058,628609,628924,628977,670812,674133,678343,682466,3453.800005,4218.800003,4356.599999,4374.6,4696.099996,5759.099999,7639.399998,0.8663094452,-0.7088212124,-0.6452857712,0.9420374005,1.181745326,1.421179969,-0.03644681873,0.3799469146,0.3514734922,0.3566392137,0.3893093149,0.3689719278,0.3935321108,0.3652998974,44424.01,45514.0,42232.0,46822.0,48488.0,43965.49,44424.0,3511148.62,3501309.34,3517329.45,3602281.78,3598978.85,3581050.84,3561687.21
Kabupaten Malang,  250.10 ,  276.30 ,  342.40 ,  373.20 ,  375.20 ,  393.70 ,  458.20 ,3.13,3.45,4.28,4.67,4.69,4.92,5.73,5.43,5.55,5.49,-2.68,3.12,5.13,5.0,480986,466529,465681,450081,489610,505172,618371,2576596,2591795,2606204,2654448,2668296,2685900,2703175,17246.90002,19640.50002,20450.20001,20325.90001,22445.9,25218.90001,31709.9,0.619990734,-0.7563701359,-1.378202098,0.7294612288,1.098871719,1.38026933,-0.5567971301,0.3924999839,0.3767099262,0.3700822737,0.4072758513,0.4008703096,0.4058453197,0.3649740783,43918.58,50374.0,48398.0,46121.0,45344.0,45901.91,43918.59,9994064.97,9799582.33,9884735.01,9809914.36,9728578.98,10058588.4,10323454.58
Kabupaten Mojokerto,  215.50 ,  245.90 ,  305.10 ,  319.50 ,  285.70 ,  327.30 ,  351.80 ,7.18,8.2,10.17,10.65,9.52,10.91,11.73,5.73,5.88,5.81,-1.11,4.12,5.82,5.15,554404,545031,586121,608467,638191,675297,739483,1099504,1108718,1117688,1119209,1125522,1133584,1141516,15344.7,19311.60002,25068.6,25680.10001,23194.89999,25867.6,28718.99998,1.046283358,-0.2462625032,-0.8156237408,0.82436494,0.9804107264,1.23483623,-0.2827197595,0.3595050883,0.3335901078,0.3390850318,0.3626831943,0.351068716,0.3785791856,0.3310121002,53462.14,52446.0,54993.0,54505.0,51258.0,49395.45,53462.15,3878249.99,3829547.9,3861929.48,3884603.71,3924568.4,3978807.57,4152327.2
Kabupaten Nganjuk,  79.80 ,  89.80 ,  114.40 ,  110.10 ,  122.60 ,  143.10 ,  169.60 ,1.86,2.09,2.66,2.56,2.85,3.33,3.94,5.26,5.38,5.36,-1.71,3.61,4.84,5.4,421446,416171,440251,470127,519726,525825,581282,1048799,1051900,1054611,1103902,1109683,1117033,1124247,5433.400005,6438.900001,6538.799999,6318.599999,7720.299996,9580.200001,12389.00001,0.9567272002,-0.2730042763,-0.5556565593,0.8112425454,1.217874796,1.494960639,0.01943146406,0.3343324732,0.3413140195,0.3389187177,0.3586393322,0.3358656607,0.3537596586,0.3321593121,72039.48,65539.0,65066.0,71155.0,72440.0,70331.77,72039.49,4885817.99,4861809.05,4954056.36,5031962.78,5115750.57,5090055.11,5326242.08
Kabupaten Ngawi,  60.10 ,  78.60 ,  82.60 ,  77.90 ,  85.90 ,  99.80 ,  115.20 ,1.34,1.75,1.84,1.73,1.91,2.22,2.56,5.07,5.21,5.05,-1.69,2.55,3.19,4.49,387264,386079,422465,430665,459742,456207,535190,829899,830090,830108,870057,873346,877432,881393,5552.600014,6901.40001,7047.800003,6696.200011,7526.200003,9470.500005,11660.09998,0.7300670086,-0.726058612,-0.7386696816,0.8792969445,1.207643328,1.436075205,-0.2477620902,0.3660549407,0.3481890647,0.3483870822,0.3698553155,0.3658350875,0.3635180236,0.3499235767,124922.91,121761.0,122501.0,125908.0,128738.0,128585.79,124922.92,3945033.05,4039868.86,4117317.32,4156112.49,4138055.43,4061335.47,4144759.44
Kabupaten Pacitan,  11.10 ,  16.40 ,  16.20 ,  10.10 ,  13.00 ,  23.30 ,  36.10 ,0.33,0.48,0.48,0.3,0.38,0.69,1.06,4.98,5.47,5.08,-1.84,2.49,5.54,4.46,406358,422021,418055,416124,385890,428206,486370,553388,554394,555304,586110,589108,592916,596649,1641.100007,2378.500008,2302.80001,1677.500007,2374.000009,3887.600015,6221.800025,0.7608604199,-0.9181664759,-0.7608604199,0.9181664759,1.036368509,1.421179969,-0.1098013339,0.4188016531,0.3724086863,0.3670997847,0.4178376545,0.4300454204,0.4437470923,0.3964361513,17923.39,19312.0,20504.0,19292.0,18894.0,17831.47,17923.4,2595676.13,2641502.01,2639072.29,2739302.52,2700669.7,2820635.41,2827383.94
Kabupaten Pamekasan,  90.40 ,  105.20 ,  111.10 ,  116.80 ,  125.50 ,  136.00 ,  158.40 ,3.62,4.21,4.44,4.67,5.02,5.44,6.34,5.04,5.46,4.92,-2.54,3.41,4.66,4.96,377797,371599,406615,417229,393798,447395,502460,863004,871497,879992,850057,853507,857818,862009,7899.700001,9534.599992,10544.79999,10857.7,12714.3,13521.69998,16386.19997,1.715685203,0.1835428461,-1.098871719,0.9367327506,0.8342992868,1.469714713,-0.208969941,0.3499440239,0.2888061549,0.2917929457,0.3504955724,0.3421562433,0.3724747595,0.3239886706,19884.35,21978.0,20169.0,20170.0,18926.0,20497.42,19884.36,3137578.46,3187663.51,3191740.94,3214646.42,3262761.29,3367646.1,3457919.6
Kabupaten Pasuruan,  315.40 ,  327.70 ,  409.00 ,  406.40 ,  389.30 ,  417.30 ,  452.90 ,5.17,5.37,6.7,6.66,6.38,6.84,7.42,5.72,5.73,5.83,-2.03,4.34,5.32,5.21,495810,519175,515088,529155,548666,574005,608993,1605307,1616578,1627396,1605969,1611805,1619035,1626029,13939.5,15755.2,16978.3,16716.20001,18100.6,19512.8,22833.0,0.9273432955,-0.3099444473,-1.051317556,0.949110267,1.114986031,1.227786219,-0.7815961885,0.3563827824,0.3458446374,0.3428847135,0.3690057819,0.3673435843,0.3802365107,0.3506579964,48999.13,52562.0,53789.0,53127.0,50306.0,47384.82,48999.14,5906977.5,5822119.9,5865967.8,5929355.9,5782666.1,5806218.8,5890840.5
Kabupaten Ponorogo,  56.20 ,  66.60 ,  71.10 ,  65.80 ,  72.70 ,  84.40 ,  106.90 ,1.12,1.33,1.42,1.32,1.45,1.69,2.14,5.1,5.27,5.01,-0.9,3.19,3.24,5.14,388689,403727,415478,458674,450920,491340,557950,869894,870705,871370,949318,955839,964253,972582,4724.700005,5756.700007,5941.200004,5402.200004,6214.600003,7939.800009,10436.4,0.8356537792,-0.6724534065,-0.6037562926,0.9515857703,1.098871719,1.492677103,0.02187154381,0.3642619397,0.3523997151,0.3465160898,0.3740671144,0.372843602,0.3814697101,0.3583736959,66594.54,63444.0,58080.0,65073.0,68741.0,62964.37,66594.55,3381490.1,3412826.2,3407132.8,3492745.5,3556895.1,3416838.4,3514110.77
Kabupaten Probolinggo,  58.60 ,  63.60 ,  83.90 ,  79.80 ,  90.10 ,  97.10 ,  109.30 ,1.78,1.93,2.54,2.42,2.73,2.94,3.31,4.46,4.47,4.56,-2.12,3.35,4.52,4.73,345817,410384,398276,479768,452522,474669,518809,1155214,1162092,1168503,1152537,1155894,1159965,1163859,8123.000013,9044.700004,9340.800003,8847.399994,10116.59999,11834.40001,14272.70001,0.9241200432,-0.03030676221,-0.906883162,0.8559007443,1.287860656,1.204347219,-0.5556542417,0.3526701177,0.3389395044,0.3413946036,0.3746945781,0.366321623,0.3810888896,0.3439682325,35121.68,38415.0,39464.0,36926.0,37043.0,33503.12,35121.69,7350285.3,7200135.6,7278299.9,7280047.6,7355141.8,7510657.2,7760627.6
Kabupaten Sampang,  57.40 ,  67.00 ,  72.50 ,  79.50 ,  95.80 ,  105.50 ,  128.80 ,2.05,2.39,2.59,2.84,3.42,3.77,4.6,4.69,4.11,1.85,-0.29,0.22,2.31,2.56,396834,433465,404262,420135,415493,444960,456234,958082,968520,978875,969694,976020,984162,992210,7645.60001,9759.199994,10762.99999,10892.5,13383.09999,14986.59998,19613.29999,1.083245917,-0.4974230537,-0.9560695802,0.8738167848,0.5912819505,1.243900531,-0.08490204968,0.3675876534,0.2834757876,0.2928912931,0.3479256136,0.3553323903,0.389025042,0.3329518428,34795.53,37724.0,33052.0,37792.0,38152.0,34880.84,34795.54,3955111.97,3945125.43,3900517.25,4057720.52,4012241.81,4171301.66,4108451.25
Kabupaten Sidoarjo,  593.50 ,  593.00 ,  639.00 ,  643.80 ,  656.80 ,  702.40 ,  743.00 ,16.04,16.03,17.27,17.4,17.75,18.98,20.08,5.8,6.01,5.99,-3.69,4.21,7.53,6.16,618670,681759,683507,687465,753080,759941,824954,2183682,2216804,2249476,2082801,2091930,2103401,2114588,30459.99998,31318.69996,33479.40001,32748.6,33482.49996,36106.00002,39120.20004,1.125310804,-0.3635069875,-0.7382059495,0.8334370143,0.9936674699,1.181745326,-0.121460883,0.3003627091,0.2933182567,0.2875512204,0.3013045985,0.2877842259,0.3005092942,0.2811128639,31030.45,37277.0,34287.0,34321.0,32586.0,31368.74,31030.46,2654505.09,2551739.61,2558272.35,2628503.11,2626369.74,2686059.3,2730833.35
Kabupaten Situbondo,  47.80 ,  54.00 ,  56.00 ,  57.40 ,  66.30 ,  80.30 ,  87.40 ,1.65,1.86,1.93,1.98,2.29,2.77,3.01,5.07,5.46,5.44,-2.33,3.26,4.39,4.9,337261,437117,469511,432954,492349,496305,548337,676703,679993,682978,685967,688337,691260,694081,4058.200002,4793.900006,4926.500005,4891.500003,5912.200003,7596.900001,9412.399998,0.8360572263,-0.2706267664,-1.168494498,0.7951225985,1.446923717,1.53145652,-0.6313412466,0.3927785119,0.3819959188,0.3781011181,0.3950406162,0.395641294,0.4007046213,0.3770476485,27917.31,31623.0,30226.0,30529.0,30388.0,26784.22,27917.32,3753205.8,3767505.28,3826563.17,3746676.56,3810013.31,3823090.37,3977063.64
Kabupaten Sumenep,  48.20 ,  61.20 ,  70.00 ,  74.20 ,  90.00 ,  97.60 ,  119.90 ,1.24,1.57,1.79,1.9,2.31,2.5,3.07,2.86,3.63,0.14,-1.13,2.61,3.11,5.35,536140,520082,592227,550379,674636,1000170,1052321,1081204,1085227,1088910,1124436,1129822,1136632,1143295,5017.600007,6385.200006,6772.000006,6914.700006,8787.700004,9751.900005,12168.99999,1.401482254,0.1261009991,-1.136859792,0.9738652999,0.7737749392,1.930749176,-0.08728166592,0.3613130258,0.3083294257,0.3185624955,0.3747722165,0.3584650997,0.3918746633,0.3464722543,42432.96,46193.0,38412.0,42754.0,40299.0,41835.41,42432.97,7681993.8,7859048.3,7758094.6,7818687.4,7980607.4,8273578.6,8233654.43
Kabupaten Trenggalek,  40.30 ,  44.60 ,  44.60 ,  39.70 ,  48.20 ,  61.20 ,  76.20 ,1.01,1.12,1.12,0.99,1.2,1.53,1.91,5.02,5.03,5.08,-2.17,3.65,4.52,4.92,359249,384102,406233,423843,418705,459764,499323,693104,694902,696295,731125,734888,739669,744358,2785.900009,3247.000013,3389.700014,2573.300006,3555.400009,4987.00001,6658.300007,0.7151116324,-0.6788385496,-1.129774232,0.9181664759,1.135128922,1.421179969,0.01826656649,0.383700109,0.3829383628,0.3739514259,0.4051756998,0.3945656903,0.3976226609,0.3741070333,22049.35,22733.0,20475.0,19631.0,22492.0,22026.97,22049.36,3067313.0,3024719.0,3039097.0,3042011.0,2975958.0,2975958.0,3056779.0
Kabupaten Tuban,  167.10 ,  168.60 ,  174.20 ,  172.40 ,  163.70 ,  199.00 ,  212.70 ,3.89,3.92,4.05,4.01,3.81,4.63,4.95,4.98,5.15,5.14,-5.85,3.0,8.88,4.36,461456,471661,477950,470367,521109,658689,682590,1163614,1168277,1172790,1198012,1203127,1209543,1215795,13664.00005,15356.1,15748.40002,14069.90001,15527.4,20471.10006,21644.2,0.6488797933,-0.4462163835,-0.9180232156,0.9014347597,0.8026434508,1.442535841,-0.6329506495,0.3337557052,0.30203095,0.301444568,0.3414859544,0.3260356725,0.3574763098,0.3079841889,84115.62,95855.0,91200.0,92342.0,88050.0,85288.02,84115.63,7315399.0,7304031.0,7398433.0,7295391.0,7395218.0,7535059.0,7590549.0
Kabupaten Tulungagung,  87.50 ,  91.60 ,  93.40 ,  93.80 ,  112.30 ,  127.40 ,  140.60 ,2.43,2.54,2.59,2.61,3.12,3.54,3.91,5.08,5.21,5.32,-3.09,3.53,5.22,4.91,404942,442534,447335,504173,545930,670291,593856,1030790,1035290,1039284,1089775,1096588,1105337,1113973,7237.100001,7739.300008,7747.700003,7339.700006,8871.1,10418.2,12296.7,0.811664036,-0.1112946971,-0.5627149525,0.9738652999,1.157288852,1.318442977,0.1933110725,0.3574688644,0.3626617367,0.3617826761,0.376001038,0.3646434147,0.3565704591,0.3494215055,40238.65,34920.0,34584.0,36689.0,39851.0,39531.25,40238.66,4536679.12,4507895.43,4588752.45,4550962.52,4619534.08,4590442.75,4697289.67
Kota Batu,  70.00 ,  72.40 ,  78.40 ,  84.00 ,  82.10 ,  98.40 ,  115.10 ,8.75,9.05,9.8,10.5,10.26,12.3,14.39,6.56,6.5,6.51,-6.46,4.04,6.18,6.19,601888,636350,561428,598322,621753,672455,722176,203997,205788,207490,213046,214653,216735,218802,2235.4,2455.800002,2602.699998,2587.800003,2697.200002,3224.099996,3918.299999,0.8622140926,-0.4242034708,-1.070981747,0.7397494135,1.098871719,1.288689539,-0.3944977014,0.3337927753,0.3362125682,0.332294183,0.3474125849,0.3421616015,0.3641229361,0.339881894,727.28,871.0,792.0,750.0,825.0,1059.45,727.29,1469635.08,1500095.3,1530991.56,1557560.29,1576082.18,1630701.04,1699552.13
Kota Blitar,  37.30 ,  38.60 ,  41.30 ,  42.60 ,  44.50 ,  47.10 ,  61.50 ,5.33,5.51,5.9,6.09,6.36,6.73,8.79,5.78,5.82,5.84,-2.28,4.28,5.22,5.29,530602,634033,575053,597780,665838,636690,705624,139995,140971,141876,149149,150371,151960,153541,1063.400003,1113.700001,1176.900001,1246.900006,1335.500004,1463.100002,1771.700002,0.9738652999,-0.5397510739,-1.309209056,0.8712440963,1.098871719,1.243900531,-0.1189960675,0.3477930836,0.3566768513,0.3528765472,0.3593360313,0.3511310439,0.3619678761,0.341488235,786.56,760.0,912.0,771.0,885.0,728.19,786.57,118736.39,119172.75,120752.56,120956.29,123132.14,114545.71,116310.66
Kota Kediri,  37.40 ,  40.00 ,  42.70 ,  42.10 ,  45.10 ,  45.00 ,  52.20 ,9.35,10.0,10.67,10.53,11.27,11.25,13.05,5.14,5.43,5.47,-6.25,2.5,3.96,1.92,515417,507769,512133,561467,639163,706619,685402,284002,285582,287409,286796,287962,289418,290836,2150.600014,2290.5,2417.900004,2372.100005,2472.7,2642.199998,3117.400004,0.9221238175,-0.4573096978,-0.3211273159,0.9436720904,1.11989613,1.328704546,-0.1663418625,0.3619155519,0.3602743288,0.3576558759,0.3902052715,0.3825758718,0.386458337,0.348168876,1519.68,1582.0,1396.0,1686.0,1735.0,1864.13,1519.69,189831.16,192926.28,191896.87,197455.24,197623.43,197004.5,197886.88
Kota Madiun,  39.30 ,  44.20 ,  52.20 ,  54.40 ,  42.60 ,  63.90 ,  80.20 ,9.82,11.05,13.05,13.6,10.65,15.97,20.05,5.93,5.96,5.69,-5.34,4.79,5.52,5.8,584040,650775,604752,655444,695312,796091,845296,176099,176697,177007,195175,196917,199192,201460,1500.799999,1778.300001,2024.499998,2121.000003,1670.199997,2432.299997,3156.9,0.8032075127,-0.7429860772,-0.4477348337,0.9589398971,1.103352687,1.427713244,-0.01727971062,0.3393805039,0.3189680355,0.3258636439,0.3482266951,0.3337806451,0.3346548984,0.3111627284,2204.47,1362.0,1302.0,2314.0,2229.0,2194.58,2204.48,75018.38,76353.37,75634.04,84384.46,78257.97,73823.11,77361.2
Kota Malang,  175.00 ,  188.90 ,  200.50 ,  198.00 ,  206.80 ,  213.50 ,  242.10 ,12.5,13.49,14.32,14.14,14.77,15.25,17.29,5.69,5.72,5.73,-2.26,4.21,6.32,6.07,632530,597020,616123,645868,667895,715370,742935,861414,866118,870682,843810,844933,846126,847182,6527.10001,7324.499988,7616.799998,7537.600005,7849.399998,8244.500021,9433.700003,0.6339913963,-0.9588750907,-1.419881713,0.6936256814,1.102159329,1.421179969,-0.8013614396,0.3140782644,0.303047517,0.3004335928,0.3164311326,0.3179671966,0.3174518865,0.2874576517,1632.87,1857.0,2019.0,1739.0,1791.0,1718.11,1632.88,107471.3,108736.77,117372.1,116828.9,118576.78,119729.4,120647.49
Kota Mojokerto,  111.90 ,  119.80 ,  135.00 ,  131.70 ,  114.40 ,  144.20 ,  155.60 ,18.65,19.97,22.5,21.95,19.07,24.03,25.93,5.65,5.8,5.65,-3.69,3.65,5.56,2.79,561386,559204,584247,612720,667979,736250,723505,127279,128282,129014,132434,133272,134350,135414,1294.399998,1394.200006,1525.600002,1545.800003,1410.800003,1636.799998,1821.700003,1.098871719,-0.109478559,-0.3533126494,0.862467652,0.9738652999,1.243900531,-0.03641229303,0.3211117552,0.3110553785,0.2997644728,0.2938410716,0.2946500294,0.3060056365,0.30279412,620.47,730.0,701.0,733.0,754.0,833.03,620.48,25355.67,25551.2,25158.61,27210.43,26554.3,25734.92,23918.9
Kota Pasuruan,  54.20 ,  54.20 ,  58.60 ,  58.30 ,  57.80 ,  61.50 ,  68.30 ,10.84,10.84,11.72,11.66,11.56,12.3,13.66,5.47,5.54,5.56,-4.33,3.64,6.22,5.65,577070,590783,584937,636369,664357,758149,746400,197696,199078,200422,208006,209528,211497,213450,1591.400007,1657.400001,1775.299997,1735.800001,1711.1,1879.799999,2147.999995,0.9594220995,-0.2699088069,-0.9754491297,0.9366460004,1.089107672,1.243900531,-0.7019497896,0.296150855,0.2940285902,0.2903928236,0.3027232838,0.3103414188,0.3098636779,0.301167982,1374.69,1819.0,2055.0,1649.0,1554.0,1393.98,1374.7,116959.04,116935.1,115789.87,128580.21,124491.0,129413.4,132518.6
Kota Probolinggo,  90.20 ,  91.70 ,  99.70 ,  98.60 ,  98.90 ,  110.00 ,  109.70 ,15.03,15.28,16.62,16.43,16.48,18.33,18.28,5.88,5.93,5.94,-3.64,4.06,6.12,6.04,499067,508153,507171,513885,559266,562485,576394,233123,235211,237208,239649,241202,243200,245174,2243.200005,2392.300004,2596.899999,2544.0,2548.299997,2834.800006,2991.200005,0.8202151042,-0.2205749897,-0.811664036,0.9738652999,1.098871719,1.243900531,-0.3342408893,0.3450479491,0.3489469551,0.34774677,0.3552617736,0.3456243219,0.3569813196,0.3493118845,1309.43,1165.0,1402.0,1450.0,1531.0,1323.99,1309.44,455966.89,451980.7,455265.0,450751.2,430044.4,463835.3,494076.1
Kota Surabaya,"  1,385.50 ","  1,373.20 ","  1,436.50 ","  1,414.20 ","  1,396.80 ","  1,372.80 ","  1,454.90 ",39.59,39.23,41.04,40.41,39.91,39.22,41.57,6.13,6.19,6.09,-4.85,4.29,6.51,5.7,758750,776985,742013,777724,810743,819124,948701,2874699,2885555,2896195,2874314,2880284,2887223,2893698,44600.20006,45045.79997,46722.99997,47316.60005,47224.99999,47609.90004,50944.59998,1.060790597,-0.1610437604,-0.7396034164,0.9001965569,0.8639838135,1.206422125,-0.2052866815,0.2342561241,0.2029732719,0.2053188191,0.2214946704,0.2280188291,0.2548598795,0.2185038424,1506.0,2687.0,1724.0,1866.0,1736.0,1447.98,1506.01,589909.43,581426.57,576221.53,547994.9,554054.69,573236.82,576177.55
